{"cameraMode":{"drawMode":0,"name":"Shaded","section":"Shading Mode"},"sceneLighting":true,"audioPlay":false,"sceneViewState":{"showFog":true,"showMaterialUpdate":false,"showSkybox":true,"showFlares":true,"showImageEffects":true,"showParticleSystems":true},"in2DMode":false,"pivot":{"x":-2.7149658203125,"y":80.162109375,"z":-44.32421875},"rotation":{"x":-0.45949068665504458,"y":-0.038425344973802569,"z":0.019780531525611879,"w":-0.8871305584907532},"size":12.954727172851563,"orthographic":true}