{"cameraMode":{"drawMode":0,"name":"Shaded","section":"Shading Mode"},"sceneLighting":false,"audioPlay":false,"sceneViewState":{"showFog":true,"showMaterialUpdate":true,"showSkybox":true,"showFlares":true,"showImageEffects":true,"showParticleSystems":true},"in2DMode":false,"pivot":{"x":0.08188148587942124,"y":-2.026951551437378,"z":-4.359409332275391},"rotation":{"x":-0.014785202220082283,"y":-0.9331809878349304,"z":0.3570171892642975,"w":-0.03864540159702301},"size":8.719852447509766,"orthographic":false}