{"cameraMode":{"drawMode":0,"name":"Shaded","section":"Shading Mode"},"sceneLighting":false,"audioPlay":false,"sceneViewState":{"showFog":true,"showMaterialUpdate":true,"showSkybox":true,"showFlares":true,"showImageEffects":true,"showParticleSystems":true},"in2DMode":false,"pivot":{"x":21.679683685302736,"y":-4.47850227355957,"z":12.468385696411133},"rotation":{"x":0.3963129222393036,"y":0.5528087615966797,"z":-0.3363803029060364,"w":0.6512963175773621},"size":19.26800537109375,"orthographic":false}