{"cameraMode":{"drawMode":0,"name":"Shaded","section":"Shading Mode"},"sceneLighting":false,"audioPlay":false,"sceneViewState":{"showFog":true,"showMaterialUpdate":true,"showSkybox":true,"showFlares":true,"showImageEffects":true,"showParticleSystems":true},"in2DMode":false,"pivot":{"x":16.305545806884767,"y":1.0994696617126465,"z":8.123907089233399},"rotation":{"x":0.10687688738107681,"y":-0.37158244848251345,"z":0.04311007633805275,"w":0.921219527721405},"size":22.0,"orthographic":false}