{"cameraMode":{"drawMode":0,"name":"Shaded","section":"Shading Mode"},"sceneLighting":false,"audioPlay":false,"sceneViewState":{"showFog":true,"showMaterialUpdate":true,"showSkybox":true,"showFlares":true,"showImageEffects":true,"showParticleSystems":true},"in2DMode":false,"pivot":{"x":13.28590202331543,"y":8.194596290588379,"z":3.2409751415252687},"rotation":{"x":0.3621551990509033,"y":0.1719139814376831,"z":-0.06814924627542496,"w":0.9135890603065491},"size":7.544275283813477,"orthographic":false}