{"cameraMode":{"drawMode":0,"name":"Shaded","section":"Shading Mode"},"sceneLighting":false,"audioPlay":false,"sceneViewState":{"showFog":true,"showMaterialUpdate":true,"showSkybox":true,"showFlares":true,"showImageEffects":true,"showParticleSystems":true},"in2DMode":false,"pivot":{"x":-1.4728842973709107,"y":-2.164679765701294,"z":5.773476600646973},"rotation":{"x":0.28843969106674197,"y":0.03681677579879761,"z":-0.011098695918917656,"w":0.9567256569862366},"size":13.754794120788575,"orthographic":false}