{"cameraMode":{"drawMode":0,"name":"Shaded","section":"Shading Mode"},"sceneLighting":false,"audioPlay":false,"sceneViewState":{"showFog":true,"showMaterialUpdate":true,"showSkybox":true,"showFlares":true,"showImageEffects":true,"showParticleSystems":true},"in2DMode":false,"pivot":{"x":49.793235778808597,"y":14.803316116333008,"z":-43.95400619506836},"rotation":{"x":0.14271067082881928,"y":-0.4405585825443268,"z":-0.07116957008838654,"w":-0.8834459185600281},"size":19.26800537109375,"orthographic":false}