{"cameraMode":{"drawMode":0,"name":"Shaded","section":"Shading Mode"},"sceneLighting":false,"audioPlay":false,"sceneViewState":{"showFog":true,"showMaterialUpdate":true,"showSkybox":true,"showFlares":true,"showImageEffects":true,"showParticleSystems":true},"in2DMode":false,"pivot":{"x":-1.399999976158142,"y":9.760000228881836,"z":-1.0},"rotation":{"x":0.25741761922836306,"y":0.18697631359100343,"z":-0.05084586888551712,"w":0.9466734528541565},"size":2.4750008583068849,"orthographic":true}