{"cameraMode":{"drawMode":0,"name":"Shaded","section":"Shading Mode"},"sceneLighting":false,"audioPlay":false,"sceneViewState":{"showFog":true,"showMaterialUpdate":true,"showSkybox":true,"showFlares":true,"showImageEffects":true,"showParticleSystems":true},"in2DMode":false,"pivot":{"x":20.285037994384767,"y":-1.592435359954834,"z":2.831815481185913},"rotation":{"x":-0.22915491461753846,"y":-0.4764958322048187,"z":0.13018497824668885,"w":-0.8387441039085388},"size":15.488533020019532,"orthographic":false}