{"cameraMode":{"drawMode":0,"name":"Shaded","section":"Shading Mode"},"sceneLighting":false,"audioPlay":false,"sceneViewState":{"showFog":true,"showMaterialUpdate":true,"showSkybox":true,"showFlares":true,"showImageEffects":true,"showParticleSystems":true},"in2DMode":false,"pivot":{"x":26.287961959838868,"y":0.43621158599853518,"z":7.277927875518799},"rotation":{"x":0.5396599173545837,"y":0.10792676359415055,"z":-0.07000567764043808,"w":0.8319965600967407},"size":7.544275283813477,"orthographic":false}