{"cameraMode":{"drawMode":0,"name":"Shaded","section":"Shading Mode"},"sceneLighting":false,"audioPlay":false,"sceneViewState":{"showFog":true,"showMaterialUpdate":true,"showSkybox":true,"showFlares":true,"showImageEffects":true,"showParticleSystems":true},"in2DMode":false,"pivot":{"x":0.26866358518600466,"y":1.929416298866272,"z":-5.002633571624756},"rotation":{"x":0.5404969453811646,"y":-0.13740012049674989,"z":0.09000030159950257,"w":0.825157105922699},"size":2.857884645462036,"orthographic":true}