{"cameraMode":{"drawMode":0,"name":"Shaded","section":"Shading Mode"},"sceneLighting":false,"audioPlay":false,"sceneViewState":{"showFog":true,"showMaterialUpdate":true,"showSkybox":true,"showFlares":true,"showImageEffects":true,"showParticleSystems":true},"in2DMode":false,"pivot":{"x":-0.03630799800157547,"y":-20.390308380126954,"z":-11.458405494689942},"rotation":{"x":0.6996060609817505,"y":-0.007502338849008083,"z":0.007345485035330057,"w":0.7144516110420227},"size":31.682361602783204,"orthographic":false}