{"cameraMode":{"drawMode":0,"name":"Shaded","section":"Shading Mode"},"sceneLighting":false,"audioPlay":false,"sceneViewState":{"showFog":true,"showMaterialUpdate":true,"showSkybox":true,"showFlares":true,"showImageEffects":true,"showParticleSystems":true},"in2DMode":false,"pivot":{"x":-1.3380931615829468,"y":-0.232421875,"z":1.4696687459945679},"rotation":{"x":0.4778347611427307,"y":-0.20446112751960755,"z":0.11541587859392166,"w":0.8464920520782471},"size":7.544275283813477,"orthographic":true}