{"cameraMode":{"drawMode":0,"name":"Shaded","section":"Shading Mode"},"sceneLighting":false,"audioPlay":false,"sceneViewState":{"showFog":true,"showMaterialUpdate":true,"showSkybox":true,"showFlares":true,"showImageEffects":true,"showParticleSystems":true},"in2DMode":false,"pivot":{"x":386.4562683105469,"y":205.7022247314453,"z":33.917449951171878},"rotation":{"x":0.017997927963733674,"y":-0.0014999918639659882,"z":0.00002356904406042304,"w":0.9998369216918945},"size":463.3668518066406,"orthographic":false}