{"cameraMode":{"drawMode":0,"name":"Shaded","section":"Shading Mode"},"sceneLighting":false,"audioPlay":false,"sceneViewState":{"showFog":true,"showMaterialUpdate":true,"showSkybox":true,"showFlares":true,"showImageEffects":true,"showParticleSystems":true},"in2DMode":false,"pivot":{"x":2.5217840671539308,"y":8.70323371887207,"z":-12.334312438964844},"rotation":{"x":0.3529789447784424,"y":-0.1848825216293335,"z":0.07136867195367813,"w":0.9144019484519959},"size":2.857884645462036,"orthographic":false}