{"cameraMode":{"drawMode":0,"name":"Shaded","section":"Shading Mode"},"sceneLighting":false,"audioPlay":false,"sceneViewState":{"showFog":true,"showMaterialUpdate":true,"showSkybox":true,"showFlares":true,"showImageEffects":true,"showParticleSystems":true},"in2DMode":false,"pivot":{"x":51.27167892456055,"y":14.553750991821289,"z":-40.18708419799805},"rotation":{"x":0.11505123227834702,"y":-0.4171918034553528,"z":-0.05333815887570381,"w":-0.8999274373054504},"size":19.26800537109375,"orthographic":false}