{"cameraMode":{"drawMode":0,"name":"Shaded","section":"Shading Mode"},"sceneLighting":false,"audioPlay":false,"sceneViewState":{"showFog":true,"showMaterialUpdate":true,"showSkybox":true,"showFlares":true,"showImageEffects":true,"showParticleSystems":true},"in2DMode":false,"pivot":{"x":3.018711805343628,"y":-3.5247538089752199,"z":-4.203483581542969},"rotation":{"x":0.10826129466295243,"y":0.8350268602371216,"z":-0.17745457589626313,"w":0.5094306468963623},"size":8.419852256774903,"orthographic":false}