{"cameraMode":{"drawMode":0,"name":"Shaded","section":"Shading Mode"},"sceneLighting":false,"audioPlay":false,"sceneViewState":{"showFog":true,"showMaterialUpdate":true,"showSkybox":true,"showFlares":true,"showImageEffects":true,"showParticleSystems":true},"in2DMode":false,"pivot":{"x":1.5972695350646973,"y":-0.3537178039550781,"z":4.476929664611816},"rotation":{"x":0.2250359058380127,"y":-0.16567231714725495,"z":0.03886083513498306,"w":0.9593755602836609},"size":15.488533020019532,"orthographic":false}