{"cameraMode":{"drawMode":0,"name":"Shaded","section":"Shading Mode"},"sceneLighting":false,"audioPlay":false,"sceneViewState":{"showFog":true,"showMaterialUpdate":true,"showSkybox":true,"showFlares":true,"showImageEffects":true,"showParticleSystems":true},"in2DMode":false,"pivot":{"x":6.996622562408447,"y":-4.470859050750732,"z":5.6565165519714359},"rotation":{"x":0.3240455687046051,"y":0.215403750538826,"z":-0.07603034377098084,"w":0.9180496335029602},"size":13.754794120788575,"orthographic":false}