{"cameraMode":{"drawMode":0,"name":"Shaded","section":"Shading Mode"},"sceneLighting":false,"audioPlay":false,"sceneViewState":{"showFog":true,"showMaterialUpdate":true,"showSkybox":true,"showFlares":true,"showImageEffects":true,"showParticleSystems":true},"in2DMode":false,"pivot":{"x":-0.000510249228682369,"y":5.070047378540039,"z":0.034025587141513827},"rotation":{"x":0.6935994625091553,"y":-0.005402788985520601,"z":0.005202516447752714,"w":0.7203218340873718},"size":22.0,"orthographic":false}