{"cameraMode":{"drawMode":0,"name":"Shaded","section":"Shading Mode"},"sceneLighting":false,"audioPlay":false,"sceneViewState":{"showFog":true,"showMaterialUpdate":true,"showSkybox":true,"showFlares":true,"showImageEffects":true,"showParticleSystems":true},"in2DMode":false,"pivot":{"x":-1.7607461214065552,"y":-0.5171279907226563,"z":-0.8411889672279358},"rotation":{"x":0.7117578983306885,"y":0.0010510750580579043,"z":-0.0010699299164116383,"w":0.7024232745170593},"size":9.096752166748047,"orthographic":false}