{"cameraMode":{"drawMode":0,"name":"Shaded","section":"Shading Mode"},"sceneLighting":false,"audioPlay":false,"sceneViewState":{"showFog":true,"showMaterialUpdate":true,"showSkybox":true,"showFlares":true,"showImageEffects":true,"showParticleSystems":true},"in2DMode":false,"pivot":{"x":1.057225227355957,"y":-0.96160888671875,"z":1.7588496208190919},"rotation":{"x":-0.3499622344970703,"y":0.4047749936580658,"z":-0.17123475670814515,"w":-0.8272619843482971},"size":4.739264488220215,"orthographic":false}