{"cameraMode":{"drawMode":0,"name":"Shaded","section":"Shading Mode"},"sceneLighting":false,"audioPlay":false,"sceneViewState":{"showFog":true,"showMaterialUpdate":true,"showSkybox":true,"showFlares":true,"showImageEffects":true,"showParticleSystems":true},"in2DMode":false,"pivot":{"x":6.353597640991211,"y":1.337202548980713,"z":0.8445291519165039},"rotation":{"x":0.5288214683532715,"y":0.050403282046318057,"z":-0.03148140758275986,"w":0.8466500043869019},"size":5.7157673835754398,"orthographic":false}