{"cameraMode":{"drawMode":0,"name":"Shaded","section":"Shading Mode"},"sceneLighting":true,"audioPlay":false,"sceneViewState":{"showFog":true,"showMaterialUpdate":false,"showSkybox":true,"showFlares":true,"showImageEffects":true,"showParticleSystems":true},"in2DMode":false,"pivot":{"x":29.345680236816408,"y":-7.8745832443237309,"z":17.459087371826173},"rotation":{"x":-0.345549613237381,"y":-0.10051891952753067,"z":0.037258412688970569,"w":-0.9322571158409119},"size":17.650259017944337,"orthographic":false}