{"cameraMode":{"drawMode":0,"name":"Shaded","section":"Shading Mode"},"sceneLighting":false,"audioPlay":false,"sceneViewState":{"showFog":true,"showMaterialUpdate":false,"showSkybox":true,"showFlares":true,"showImageEffects":true,"showParticleSystems":true},"in2DMode":false,"pivot":{"x":26.691633224487306,"y":-6.120465278625488,"z":4.350673198699951},"rotation":{"x":0.051165107637643817,"y":-0.8214094638824463,"z":0.5631149411201477,"w":0.07463417202234268},"size":10.693222999572754,"orthographic":false}