{"cameraMode":{"drawMode":0,"name":"Shaded","section":"Shading Mode"},"sceneLighting":true,"audioPlay":false,"sceneViewState":{"showFog":true,"showMaterialUpdate":false,"showSkybox":true,"showFlares":true,"showImageEffects":true,"showParticleSystems":true},"in2DMode":false,"pivot":{"x":2.5594863891601564,"y":-1.9311485290527344,"z":1.8898942470550538},"rotation":{"x":0.6402423977851868,"y":0.002302011474967003,"z":-0.0019178084330633283,"w":0.7681671380996704},"size":27.9927978515625,"orthographic":false}