{"cameraMode":{"drawMode":0,"name":"Shaded","section":"Shading Mode"},"sceneLighting":true,"audioPlay":false,"sceneViewState":{"showFog":true,"showMaterialUpdate":false,"showSkybox":true,"showFlares":true,"showImageEffects":true,"showParticleSystems":true},"in2DMode":false,"pivot":{"x":0.474201500415802,"y":-0.48343658447265627,"z":-2.0152034759521486},"rotation":{"x":0.6459853649139404,"y":-0.0011477118823677302,"z":0.0009708371362648904,"w":0.763348400592804},"size":42.877342224121097,"orthographic":false}